Mission,product_type,Alias (ESA product type),Content,description,Source,instrument,instrument_vocabulary,keywords,keywords_vocabulary,iso_topic_category,mode,level
S1,SAR-WV-L1-SLC,WV_SLC,Wave Level-1 Single Look Complex,"Wave (WV) Level-1 Single Look Complex (SLC) products consist of focused SAR data, geo-referenced using orbit and attitude data from the satellite, and provided in slant-range geometry.",https://sentiwiki.copernicus.eu/web/s1-products,Synthetic Aperture Radar (C-band),https://www.wmo-sat.info/oscar/instruments/view/sar_c_sentinel_1,"GCMDSK:Earth Science > Spectral/Engineering > RADAR > RADAR backscatter,GCMDSK:Earth Science > Spectral/Engineering > RADAR > RADAR imagery,GCMDSK:Earth Science > Spectral/Engineering > Microwave > Microwave imagery,GEMET:Orthoimagery,GEMET:Land cover,GEMET:Oceanographic geographical features","GCMDSK:GCMD Science Keywords:https://gcmd.earthdata.nasa.gov/kms/concepts/concept_scheme/sciencekeywords,GEMET:INSPIRE Themes:http://inspire.ec.europa.eu/theme","climatologyMeteorologyAtmosphere,oceans,imageryBaseMapsEarthCover",WV,1
S1,SAR-WV-L2-OCN,WV_OCN,Wave Level-2 Ocean,"Wave (WV) Level-2 Ocean (OCN) products for wind, wave and currents applications derived from the SAR data.",https://sentiwiki.copernicus.eu/web/s1-products,Synthetic Aperture Radar (C-band),https://www.wmo-sat.info/oscar/instruments/view/sar_c_sentinel_1,"GCMDSK:Earth Science > Spectral/Engineering > RADAR > RADAR backscatter,GCMDSK:Earth Science > Spectral/Engineering > RADAR > RADAR imagery,GCMDSK:Earth Science > Spectral/Engineering > Microwave > Microwave imagery,GEMET:Orthoimagery,GEMET:Land cover,GEMET:Oceanographic geographical features","GCMDSK:GCMD Science Keywords:https://gcmd.earthdata.nasa.gov/kms/concepts/concept_scheme/sciencekeywords,GEMET:INSPIRE Themes:http://inspire.ec.europa.eu/theme","climatologyMeteorologyAtmosphere,oceans,imageryBaseMapsEarthCover",WV,2
S1,SAR-SM1-L1-GRDH,S1_GRDH_1S,Stripmap (SM) Beam 1 Level-1 Ground Range Detected High Resolution,"Stripmap (SM) Beam 1 Level-1 Ground Range Detected (GRD) products consist of focused SAR data that has been detected, multi-looked and projected to ground range using an Earth ellipsoid model such as WGS84. High resolution.",https://sentiwiki.copernicus.eu/web/s1-products,Synthetic Aperture Radar (C-band),https://www.wmo-sat.info/oscar/instruments/view/sar_c_sentinel_1,"GCMDSK:Earth Science > Spectral/Engineering > RADAR > RADAR backscatter,GCMDSK:Earth Science > Spectral/Engineering > RADAR > RADAR imagery,GCMDSK:Earth Science > Spectral/Engineering > Microwave > Microwave imagery,GEMET:Orthoimagery,GEMET:Land cover,GEMET:Oceanographic geographical features","GCMDSK:GCMD Science Keywords:https://gcmd.earthdata.nasa.gov/kms/concepts/concept_scheme/sciencekeywords,GEMET:INSPIRE Themes:http://inspire.ec.europa.eu/theme","climatologyMeteorologyAtmosphere,oceans,imageryBaseMapsEarthCover",SM,1
S1,SAR-SM1-L1-SLC,S1_SLC__1S,Stripmap (SM) Beam 1 Level-1 Single Look Complex,"Stripmap (SM) Beam 1 Level-1 Single Look Complex (SLC) products consist of focused SAR data, geo-referenced using orbit and attitude data from the satellite, and provided in slant-range geometry.",https://sentiwiki.copernicus.eu/web/s1-products,Synthetic Aperture Radar (C-band),https://www.wmo-sat.info/oscar/instruments/view/sar_c_sentinel_1,"GCMDSK:Earth Science > Spectral/Engineering > RADAR > RADAR backscatter,GCMDSK:Earth Science > Spectral/Engineering > RADAR > RADAR imagery,GCMDSK:Earth Science > Spectral/Engineering > Microwave > Microwave imagery,GEMET:Orthoimagery,GEMET:Land cover,GEMET:Oceanographic geographical features","GCMDSK:GCMD Science Keywords:https://gcmd.earthdata.nasa.gov/kms/concepts/concept_scheme/sciencekeywords,GEMET:INSPIRE Themes:http://inspire.ec.europa.eu/theme","climatologyMeteorologyAtmosphere,oceans,imageryBaseMapsEarthCover",SM,1
S1,SAR-SM1-L0-RAW,S1_RAW__0S,Stripmap (SM) Beam 1 Level-0 Raw,"Stripmap (SM) Beam 1 Level-0 (RAW) products, the basis from which all other high level products are produced.",https://sentiwiki.copernicus.eu/web/s1-products,Synthetic Aperture Radar (C-band),https://www.wmo-sat.info/oscar/instruments/view/sar_c_sentinel_1,"GCMDSK:Earth Science > Spectral/Engineering > RADAR > RADAR backscatter,GCMDSK:Earth Science > Spectral/Engineering > RADAR > RADAR imagery,GCMDSK:Earth Science > Spectral/Engineering > Microwave > Microwave imagery,GEMET:Orthoimagery,GEMET:Land cover,GEMET:Oceanographic geographical features","GCMDSK:GCMD Science Keywords:https://gcmd.earthdata.nasa.gov/kms/concepts/concept_scheme/sciencekeywords,GEMET:INSPIRE Themes:http://inspire.ec.europa.eu/theme","climatologyMeteorologyAtmosphere,oceans,imageryBaseMapsEarthCover",SM,0
S1,SAR-SM2-L1-GRDH,S2_GRDH_1S,Stripmap (SM) Beam 2 Level-1 Ground Range Detected High Resolution,"Stripmap (SM) Beam 2 Level-1 Ground Range Detected (GRD) products consist of focused SAR data that has been detected, multi-looked and projected to ground range using an Earth ellipsoid model such as WGS84. High resolution.",https://sentiwiki.copernicus.eu/web/s1-products,Synthetic Aperture Radar (C-band),https://www.wmo-sat.info/oscar/instruments/view/sar_c_sentinel_1,"GCMDSK:Earth Science > Spectral/Engineering > RADAR > RADAR backscatter,GCMDSK:Earth Science > Spectral/Engineering > RADAR > RADAR imagery,GCMDSK:Earth Science > Spectral/Engineering > Microwave > Microwave imagery,GEMET:Orthoimagery,GEMET:Land cover,GEMET:Oceanographic geographical features","GCMDSK:GCMD Science Keywords:https://gcmd.earthdata.nasa.gov/kms/concepts/concept_scheme/sciencekeywords,GEMET:INSPIRE Themes:http://inspire.ec.europa.eu/theme","climatologyMeteorologyAtmosphere,oceans,imageryBaseMapsEarthCover",SM,1
S1,SAR-SM2-L1-SLC,S2_SLC__1S,Stripmap (SM) Beam 2 Level-1 Single Look Complex,"Stripmap (SM) Beam 2 Level-1 Single Look Complex (SLC) products consist of focused SAR data, geo-referenced using orbit and attitude data from the satellite, and provided in slant-range geometry.",https://sentiwiki.copernicus.eu/web/s1-products,Synthetic Aperture Radar (C-band),https://www.wmo-sat.info/oscar/instruments/view/sar_c_sentinel_1,"GCMDSK:Earth Science > Spectral/Engineering > RADAR > RADAR backscatter,GCMDSK:Earth Science > Spectral/Engineering > RADAR > RADAR imagery,GCMDSK:Earth Science > Spectral/Engineering > Microwave > Microwave imagery,GEMET:Orthoimagery,GEMET:Land cover,GEMET:Oceanographic geographical features","GCMDSK:GCMD Science Keywords:https://gcmd.earthdata.nasa.gov/kms/concepts/concept_scheme/sciencekeywords,GEMET:INSPIRE Themes:http://inspire.ec.europa.eu/theme","climatologyMeteorologyAtmosphere,oceans,imageryBaseMapsEarthCover",SM,1
S1,SAR-SM2-L0-RAW,S2_RAW__0S,Stripmap (SM) Beam 2 Level-0 Raw,"Stripmap (SM) Beam 2 Level-0 (RAW) products, the basis from which all other high level products are produced.",https://sentiwiki.copernicus.eu/web/s1-products,Synthetic Aperture Radar (C-band),https://www.wmo-sat.info/oscar/instruments/view/sar_c_sentinel_1,"GCMDSK:Earth Science > Spectral/Engineering > RADAR > RADAR backscatter,GCMDSK:Earth Science > Spectral/Engineering > RADAR > RADAR imagery,GCMDSK:Earth Science > Spectral/Engineering > Microwave > Microwave imagery,GEMET:Orthoimagery,GEMET:Land cover,GEMET:Oceanographic geographical features","GCMDSK:GCMD Science Keywords:https://gcmd.earthdata.nasa.gov/kms/concepts/concept_scheme/sciencekeywords,GEMET:INSPIRE Themes:http://inspire.ec.europa.eu/theme","climatologyMeteorologyAtmosphere,oceans,imageryBaseMapsEarthCover",SM,0
S1,SAR-SM3-L1-GRDH,S3_GRDH_1S,Stripmap (SM) Beam 3 Level-1 Ground Range Detected High Resolution,"Stripmap (SM) Beam 3 Level-1 Ground Range Detected (GRD) products consist of focused SAR data that has been detected, multi-looked and projected to ground range using an Earth ellipsoid model such as WGS84. High resolution.",https://sentiwiki.copernicus.eu/web/s1-products,Synthetic Aperture Radar (C-band),https://www.wmo-sat.info/oscar/instruments/view/sar_c_sentinel_1,"GCMDSK:Earth Science > Spectral/Engineering > RADAR > RADAR backscatter,GCMDSK:Earth Science > Spectral/Engineering > RADAR > RADAR imagery,GCMDSK:Earth Science > Spectral/Engineering > Microwave > Microwave imagery,GEMET:Orthoimagery,GEMET:Land cover,GEMET:Oceanographic geographical features","GCMDSK:GCMD Science Keywords:https://gcmd.earthdata.nasa.gov/kms/concepts/concept_scheme/sciencekeywords,GEMET:INSPIRE Themes:http://inspire.ec.europa.eu/theme","climatologyMeteorologyAtmosphere,oceans,imageryBaseMapsEarthCover",SM,1
S1,SAR-SM3-L1-SLC,S3_SLC__1S,Stripmap (SM) Beam 3 Level-1 Single Look Complex,"Stripmap (SM) Beam 3 Level-1 Single Look Complex (SLC) products consist of focused SAR data, geo-referenced using orbit and attitude data from the satellite, and provided in slant-range geometry.",https://sentiwiki.copernicus.eu/web/s1-products,Synthetic Aperture Radar (C-band),https://www.wmo-sat.info/oscar/instruments/view/sar_c_sentinel_1,"GCMDSK:Earth Science > Spectral/Engineering > RADAR > RADAR backscatter,GCMDSK:Earth Science > Spectral/Engineering > RADAR > RADAR imagery,GCMDSK:Earth Science > Spectral/Engineering > Microwave > Microwave imagery,GEMET:Orthoimagery,GEMET:Land cover,GEMET:Oceanographic geographical features","GCMDSK:GCMD Science Keywords:https://gcmd.earthdata.nasa.gov/kms/concepts/concept_scheme/sciencekeywords,GEMET:INSPIRE Themes:http://inspire.ec.europa.eu/theme","climatologyMeteorologyAtmosphere,oceans,imageryBaseMapsEarthCover",SM,1
S1,SAR-SM3-L0-RAW,S3_RAW__0S,Stripmap (SM) Beam 3 Level-0 Raw,"Stripmap (SM) Beam 3 Level-0 (RAW) products, the basis from which all other high level products are produced.",https://sentiwiki.copernicus.eu/web/s1-products,Synthetic Aperture Radar (C-band),https://www.wmo-sat.info/oscar/instruments/view/sar_c_sentinel_1,"GCMDSK:Earth Science > Spectral/Engineering > RADAR > RADAR backscatter,GCMDSK:Earth Science > Spectral/Engineering > RADAR > RADAR imagery,GCMDSK:Earth Science > Spectral/Engineering > Microwave > Microwave imagery,GEMET:Orthoimagery,GEMET:Land cover,GEMET:Oceanographic geographical features","GCMDSK:GCMD Science Keywords:https://gcmd.earthdata.nasa.gov/kms/concepts/concept_scheme/sciencekeywords,GEMET:INSPIRE Themes:http://inspire.ec.europa.eu/theme","climatologyMeteorologyAtmosphere,oceans,imageryBaseMapsEarthCover",SM,0
S1,SAR-SM4-L1-GRDH,S4_GRDH_1S,Stripmap (SM) Beam 4 Level-1 Ground Range Detected High Resolution,"Stripmap (SM) Beam 4 Level-1 Ground Range Detected (GRD) products consist of focused SAR data that has been detected, multi-looked and projected to ground range using an Earth ellipsoid model such as WGS84. High resolution.",https://sentiwiki.copernicus.eu/web/s1-products,Synthetic Aperture Radar (C-band),https://www.wmo-sat.info/oscar/instruments/view/sar_c_sentinel_1,"GCMDSK:Earth Science > Spectral/Engineering > RADAR > RADAR backscatter,GCMDSK:Earth Science > Spectral/Engineering > RADAR > RADAR imagery,GCMDSK:Earth Science > Spectral/Engineering > Microwave > Microwave imagery,GEMET:Orthoimagery,GEMET:Land cover,GEMET:Oceanographic geographical features","GCMDSK:GCMD Science Keywords:https://gcmd.earthdata.nasa.gov/kms/concepts/concept_scheme/sciencekeywords,GEMET:INSPIRE Themes:http://inspire.ec.europa.eu/theme","climatologyMeteorologyAtmosphere,oceans,imageryBaseMapsEarthCover",SM,1
S1,SAR-SM4-L1-SLC,S4_SLC__1S,Stripmap (SM) Beam 4 Level-1 Single Look Complex,"Stripmap (SM) Beam 4 Level-1 Single Look Complex (SLC) products consist of focused SAR data, geo-referenced using orbit and attitude data from the satellite, and provided in slant-range geometry.",https://sentiwiki.copernicus.eu/web/s1-products,Synthetic Aperture Radar (C-band),https://www.wmo-sat.info/oscar/instruments/view/sar_c_sentinel_1,"GCMDSK:Earth Science > Spectral/Engineering > RADAR > RADAR backscatter,GCMDSK:Earth Science > Spectral/Engineering > RADAR > RADAR imagery,GCMDSK:Earth Science > Spectral/Engineering > Microwave > Microwave imagery,GEMET:Orthoimagery,GEMET:Land cover,GEMET:Oceanographic geographical features","GCMDSK:GCMD Science Keywords:https://gcmd.earthdata.nasa.gov/kms/concepts/concept_scheme/sciencekeywords,GEMET:INSPIRE Themes:http://inspire.ec.europa.eu/theme","climatologyMeteorologyAtmosphere,oceans,imageryBaseMapsEarthCover",SM,1
S1,SAR-SM4-L0-RAW,S4_RAW__0S,Stripmap (SM) Beam 4 Level-0 Raw,"Stripmap (SM) Beam 4 Level-0 (RAW) products, the basis from which all other high level products are produced.",https://sentiwiki.copernicus.eu/web/s1-products,Synthetic Aperture Radar (C-band),https://www.wmo-sat.info/oscar/instruments/view/sar_c_sentinel_1,"GCMDSK:Earth Science > Spectral/Engineering > RADAR > RADAR backscatter,GCMDSK:Earth Science > Spectral/Engineering > RADAR > RADAR imagery,GCMDSK:Earth Science > Spectral/Engineering > Microwave > Microwave imagery,GEMET:Orthoimagery,GEMET:Land cover,GEMET:Oceanographic geographical features","GCMDSK:GCMD Science Keywords:https://gcmd.earthdata.nasa.gov/kms/concepts/concept_scheme/sciencekeywords,GEMET:INSPIRE Themes:http://inspire.ec.europa.eu/theme","climatologyMeteorologyAtmosphere,oceans,imageryBaseMapsEarthCover",SM,0
S1,SAR-SM5-L1-GRDH,S5_GRDH_1S,Stripmap (SM) Beam 5 Level-1 Ground Range Detected High Resolution,"Stripmap (SM) Beam 5 Level-1 Ground Range Detected (GRD) products consist of focused SAR data that has been detected, multi-looked and projected to ground range using an Earth ellipsoid model such as WGS84. High resolution.",https://sentiwiki.copernicus.eu/web/s1-products,Synthetic Aperture Radar (C-band),https://www.wmo-sat.info/oscar/instruments/view/sar_c_sentinel_1,"GCMDSK:Earth Science > Spectral/Engineering > RADAR > RADAR backscatter,GCMDSK:Earth Science > Spectral/Engineering > RADAR > RADAR imagery,GCMDSK:Earth Science > Spectral/Engineering > Microwave > Microwave imagery,GEMET:Orthoimagery,GEMET:Land cover,GEMET:Oceanographic geographical features","GCMDSK:GCMD Science Keywords:https://gcmd.earthdata.nasa.gov/kms/concepts/concept_scheme/sciencekeywords,GEMET:INSPIRE Themes:http://inspire.ec.europa.eu/theme","climatologyMeteorologyAtmosphere,oceans,imageryBaseMapsEarthCover",SM,1
S1,SAR-SM5-L1-SLC,S5_SLC__1S,Stripmap (SM) Beam 5 Level-1 Single Look Complex,"Stripmap (SM) Beam 5 Level-1 Single Look Complex (SLC) products consist of focused SAR data, geo-referenced using orbit and attitude data from the satellite, and provided in slant-range geometry.",https://sentiwiki.copernicus.eu/web/s1-products,Synthetic Aperture Radar (C-band),https://www.wmo-sat.info/oscar/instruments/view/sar_c_sentinel_1,"GCMDSK:Earth Science > Spectral/Engineering > RADAR > RADAR backscatter,GCMDSK:Earth Science > Spectral/Engineering > RADAR > RADAR imagery,GCMDSK:Earth Science > Spectral/Engineering > Microwave > Microwave imagery,GEMET:Orthoimagery,GEMET:Land cover,GEMET:Oceanographic geographical features","GCMDSK:GCMD Science Keywords:https://gcmd.earthdata.nasa.gov/kms/concepts/concept_scheme/sciencekeywords,GEMET:INSPIRE Themes:http://inspire.ec.europa.eu/theme","climatologyMeteorologyAtmosphere,oceans,imageryBaseMapsEarthCover",SM,1
S1,SAR-SM5-L0-RAW,S5_RAW__0S,Stripmap (SM) Beam 5 Level-0 Raw,"Stripmap (SM) Beam 5 Level-0 (RAW) products, the basis from which all other high level products are produced.",https://sentiwiki.copernicus.eu/web/s1-products,Synthetic Aperture Radar (C-band),https://www.wmo-sat.info/oscar/instruments/view/sar_c_sentinel_1,"GCMDSK:Earth Science > Spectral/Engineering > RADAR > RADAR backscatter,GCMDSK:Earth Science > Spectral/Engineering > RADAR > RADAR imagery,GCMDSK:Earth Science > Spectral/Engineering > Microwave > Microwave imagery,GEMET:Orthoimagery,GEMET:Land cover,GEMET:Oceanographic geographical features","GCMDSK:GCMD Science Keywords:https://gcmd.earthdata.nasa.gov/kms/concepts/concept_scheme/sciencekeywords,GEMET:INSPIRE Themes:http://inspire.ec.europa.eu/theme","climatologyMeteorologyAtmosphere,oceans,imageryBaseMapsEarthCover",SM,0
S1,SAR-SM6-L1-GRDH,S6_GRDH_1S,Stripmap (SM) Beam 6 Level-1 Ground Range Detected High Resolution,"Stripmap (SM) Beam 6 Level-1 Ground Range Detected (GRD) products consist of focused SAR data that has been detected, multi-looked and projected to ground range using an Earth ellipsoid model such as WGS84. High resolution.",https://sentiwiki.copernicus.eu/web/s1-products,Synthetic Aperture Radar (C-band),https://www.wmo-sat.info/oscar/instruments/view/sar_c_sentinel_1,"GCMDSK:Earth Science > Spectral/Engineering > RADAR > RADAR backscatter,GCMDSK:Earth Science > Spectral/Engineering > RADAR > RADAR imagery,GCMDSK:Earth Science > Spectral/Engineering > Microwave > Microwave imagery,GEMET:Orthoimagery,GEMET:Land cover,GEMET:Oceanographic geographical features","GCMDSK:GCMD Science Keywords:https://gcmd.earthdata.nasa.gov/kms/concepts/concept_scheme/sciencekeywords,GEMET:INSPIRE Themes:http://inspire.ec.europa.eu/theme","climatologyMeteorologyAtmosphere,oceans,imageryBaseMapsEarthCover",SM,1
S1,SAR-SM6-L1-SLC,S6_SLC__1S,Stripmap (SM) Beam 6 Level-1 Single Look Complex,"Stripmap (SM) Beam 6 Level-1 Single Look Complex (SLC) products consist of focused SAR data, geo-referenced using orbit and attitude data from the satellite, and provided in slant-range geometry.",https://sentiwiki.copernicus.eu/web/s1-products,Synthetic Aperture Radar (C-band),https://www.wmo-sat.info/oscar/instruments/view/sar_c_sentinel_1,"GCMDSK:Earth Science > Spectral/Engineering > RADAR > RADAR backscatter,GCMDSK:Earth Science > Spectral/Engineering > RADAR > RADAR imagery,GCMDSK:Earth Science > Spectral/Engineering > Microwave > Microwave imagery,GEMET:Orthoimagery,GEMET:Land cover,GEMET:Oceanographic geographical features","GCMDSK:GCMD Science Keywords:https://gcmd.earthdata.nasa.gov/kms/concepts/concept_scheme/sciencekeywords,GEMET:INSPIRE Themes:http://inspire.ec.europa.eu/theme","climatologyMeteorologyAtmosphere,oceans,imageryBaseMapsEarthCover",SM,1
S1,SAR-SM6-L0-RAW,S6_RAW__0S,Stripmap (SM) Beam 6 Level-0 Raw,"Stripmap (SM) Beam 6 Level-0 (RAW) products, the basis from which all other high level products are produced.",https://sentiwiki.copernicus.eu/web/s1-products,Synthetic Aperture Radar (C-band),https://www.wmo-sat.info/oscar/instruments/view/sar_c_sentinel_1,"GCMDSK:Earth Science > Spectral/Engineering > RADAR > RADAR backscatter,GCMDSK:Earth Science > Spectral/Engineering > RADAR > RADAR imagery,GCMDSK:Earth Science > Spectral/Engineering > Microwave > Microwave imagery,GEMET:Orthoimagery,GEMET:Land cover,GEMET:Oceanographic geographical features","GCMDSK:GCMD Science Keywords:https://gcmd.earthdata.nasa.gov/kms/concepts/concept_scheme/sciencekeywords,GEMET:INSPIRE Themes:http://inspire.ec.europa.eu/theme","climatologyMeteorologyAtmosphere,oceans,imageryBaseMapsEarthCover",SM,0
S1,SAR-EW-L1-GRDM,EW_GRDM,Extra Wide Swath Level-1 Ground Range Detected Medium Resolution,"Extra Wide Swath (EW) Level-1 Ground Range Detected (GRD) products consist of focused SAR data that has been detected, multi-looked and projected to ground range using an Earth ellipsoid model such as WGS84. Medium resolution.",https://sentiwiki.copernicus.eu/web/s1-products,Synthetic Aperture Radar (C-band),https://www.wmo-sat.info/oscar/instruments/view/sar_c_sentinel_1,"GCMDSK:Earth Science > Spectral/Engineering > RADAR > RADAR backscatter,GCMDSK:Earth Science > Spectral/Engineering > RADAR > RADAR imagery,GCMDSK:Earth Science > Spectral/Engineering > Microwave > Microwave imagery,GEMET:Orthoimagery,GEMET:Land cover,GEMET:Oceanographic geographical features","GCMDSK:GCMD Science Keywords:https://gcmd.earthdata.nasa.gov/kms/concepts/concept_scheme/sciencekeywords,GEMET:INSPIRE Themes:http://inspire.ec.europa.eu/theme","climatologyMeteorologyAtmosphere,oceans,imageryBaseMapsEarthCover",EW,1
S1,SAR-EW-L1-GRDH,EW_GRDH,Extra Wide Swath Level-1 Ground Range Detected High Resolution,"Extra Wide Swath (EW) Level-1 Ground Range Detected (GRD) products consist of focused SAR data that has been detected, multi-looked and projected to ground range using an Earth ellipsoid model such as WGS84. High resolution.",https://sentiwiki.copernicus.eu/web/s1-products,Synthetic Aperture Radar (C-band),https://www.wmo-sat.info/oscar/instruments/view/sar_c_sentinel_1,"GCMDSK:Earth Science > Spectral/Engineering > RADAR > RADAR backscatter,GCMDSK:Earth Science > Spectral/Engineering > RADAR > RADAR imagery,GCMDSK:Earth Science > Spectral/Engineering > Microwave > Microwave imagery,GEMET:Orthoimagery,GEMET:Land cover,GEMET:Oceanographic geographical features","GCMDSK:GCMD Science Keywords:https://gcmd.earthdata.nasa.gov/kms/concepts/concept_scheme/sciencekeywords,GEMET:INSPIRE Themes:http://inspire.ec.europa.eu/theme","climatologyMeteorologyAtmosphere,oceans,imageryBaseMapsEarthCover",EW,1
S1,SAR-EW-L1-SLC,EW_SLC,Extra Wide Swath Level-1 Single Look Complex,"Extra Wide Swath (EW) Level-1 Single Look Complex (SLC) products consist of focused SAR data, geo-referenced using orbit and attitude data from the satellite, and provided in slant-range geometry.",https://sentiwiki.copernicus.eu/web/s1-products,Synthetic Aperture Radar (C-band),https://www.wmo-sat.info/oscar/instruments/view/sar_c_sentinel_1,"GCMDSK:Earth Science > Spectral/Engineering > RADAR > RADAR backscatter,GCMDSK:Earth Science > Spectral/Engineering > RADAR > RADAR imagery,GCMDSK:Earth Science > Spectral/Engineering > Microwave > Microwave imagery,GEMET:Orthoimagery,GEMET:Land cover,GEMET:Oceanographic geographical features","GCMDSK:GCMD Science Keywords:https://gcmd.earthdata.nasa.gov/kms/concepts/concept_scheme/sciencekeywords,GEMET:INSPIRE Themes:http://inspire.ec.europa.eu/theme","climatologyMeteorologyAtmosphere,oceans,imageryBaseMapsEarthCover",EW,1
S1,SAR-EW-L2-OCN,EW_OCN,Extra Wide Swath Level-2 Ocean,"Extra Wide Swath (EW) Level-2 Ocean (OCN) products for wind, wave and currents applications derived from the SAR data.",https://sentiwiki.copernicus.eu/web/s1-products,Synthetic Aperture Radar (C-band),https://www.wmo-sat.info/oscar/instruments/view/sar_c_sentinel_1,"GCMDSK:Earth Science > Spectral/Engineering > RADAR > RADAR backscatter,GCMDSK:Earth Science > Spectral/Engineering > RADAR > RADAR imagery,GCMDSK:Earth Science > Spectral/Engineering > Microwave > Microwave imagery,GEMET:Orthoimagery,GEMET:Land cover,GEMET:Oceanographic geographical features","GCMDSK:GCMD Science Keywords:https://gcmd.earthdata.nasa.gov/kms/concepts/concept_scheme/sciencekeywords,GEMET:INSPIRE Themes:http://inspire.ec.europa.eu/theme","climatologyMeteorologyAtmosphere,oceans,imageryBaseMapsEarthCover",EW,2
S1,SAR-EW-L0-RAW,EW_RAW,Extra Wide Swath Level-0 Raw,"Extra Wide Swath (EW) Level-0 (RAW) products, the basis from which all other high level products are produced.",https://sentiwiki.copernicus.eu/web/s1-products,Synthetic Aperture Radar (C-band),https://www.wmo-sat.info/oscar/instruments/view/sar_c_sentinel_1,"GCMDSK:Earth Science > Spectral/Engineering > RADAR > RADAR backscatter,GCMDSK:Earth Science > Spectral/Engineering > RADAR > RADAR imagery,GCMDSK:Earth Science > Spectral/Engineering > Microwave > Microwave imagery,GEMET:Orthoimagery,GEMET:Land cover,GEMET:Oceanographic geographical features","GCMDSK:GCMD Science Keywords:https://gcmd.earthdata.nasa.gov/kms/concepts/concept_scheme/sciencekeywords,GEMET:INSPIRE Themes:http://inspire.ec.europa.eu/theme","climatologyMeteorologyAtmosphere,oceans,imageryBaseMapsEarthCover",EW,0
S1,SAR-IW-L1-GRDM,IW_GRDM,Interferometric Wide Swath Level-1 Ground Range Detected Medium Resolution,"Interferometric Wide Swath (IW) Level-1 Ground Range Detected (GRD) products consist of focused SAR data that has been detected, multi-looked and projected to ground range using an Earth ellipsoid model such as WGS84. Medium resolution.",https://sentiwiki.copernicus.eu/web/s1-products,Synthetic Aperture Radar (C-band),https://www.wmo-sat.info/oscar/instruments/view/sar_c_sentinel_1,"GCMDSK:Earth Science > Spectral/Engineering > RADAR > RADAR backscatter,GCMDSK:Earth Science > Spectral/Engineering > RADAR > RADAR imagery,GCMDSK:Earth Science > Spectral/Engineering > Microwave > Microwave imagery,GEMET:Orthoimagery,GEMET:Land cover,GEMET:Oceanographic geographical features","GCMDSK:GCMD Science Keywords:https://gcmd.earthdata.nasa.gov/kms/concepts/concept_scheme/sciencekeywords,GEMET:INSPIRE Themes:http://inspire.ec.europa.eu/theme","climatologyMeteorologyAtmosphere,oceans,imageryBaseMapsEarthCover",IW,1
S1,SAR-IW-L1-GRDH,IW_GRDH,Interferometric Wide Swath Level-1 Ground Range Detected High Resolution,"Interferometric Wide Swath (IW) Level-1 Ground Range Detected (GRD) products consist of focused SAR data that has been detected, multi-looked and projected to ground range using an Earth ellipsoid model such as WGS84. High resolution.",https://sentiwiki.copernicus.eu/web/s1-products,Synthetic Aperture Radar (C-band),https://www.wmo-sat.info/oscar/instruments/view/sar_c_sentinel_1,"GCMDSK:Earth Science > Spectral/Engineering > RADAR > RADAR backscatter,GCMDSK:Earth Science > Spectral/Engineering > RADAR > RADAR imagery,GCMDSK:Earth Science > Spectral/Engineering > Microwave > Microwave imagery,GEMET:Orthoimagery,GEMET:Land cover,GEMET:Oceanographic geographical features","GCMDSK:GCMD Science Keywords:https://gcmd.earthdata.nasa.gov/kms/concepts/concept_scheme/sciencekeywords,GEMET:INSPIRE Themes:http://inspire.ec.europa.eu/theme","climatologyMeteorologyAtmosphere,oceans,imageryBaseMapsEarthCover",IW,1
S1,SAR-IW-L1-SLC,IW_SLC,Interferometric Wide Swath Level-1 Single Look Complex,"Interferometric Wide Swath (IW) Level-1 Single Look Complex (SLC) products consist of focused SAR data, geo-referenced using orbit and attitude data from the satellite, and provided in slant-range geometry.",https://sentiwiki.copernicus.eu/web/s1-products,Synthetic Aperture Radar (C-band),https://www.wmo-sat.info/oscar/instruments/view/sar_c_sentinel_1,"GCMDSK:Earth Science > Spectral/Engineering > RADAR > RADAR backscatter,GCMDSK:Earth Science > Spectral/Engineering > RADAR > RADAR imagery,GCMDSK:Earth Science > Spectral/Engineering > Microwave > Microwave imagery,GEMET:Orthoimagery,GEMET:Land cover,GEMET:Oceanographic geographical features","GCMDSK:GCMD Science Keywords:https://gcmd.earthdata.nasa.gov/kms/concepts/concept_scheme/sciencekeywords,GEMET:INSPIRE Themes:http://inspire.ec.europa.eu/theme","climatologyMeteorologyAtmosphere,oceans,imageryBaseMapsEarthCover",IW,1
S1,SAR-IW-L2-OCN,IW_OCN,Interferometric Wide Swath Level-2 Ocean,"Interferometric Wide Swath (IW) Level-2 Ocean (OCN) products for wind, wave and currents applications derived from the SAR data.",https://sentiwiki.copernicus.eu/web/s1-products,Synthetic Aperture Radar (C-band),https://www.wmo-sat.info/oscar/instruments/view/sar_c_sentinel_1,"GCMDSK:Earth Science > Spectral/Engineering > RADAR > RADAR backscatter,GCMDSK:Earth Science > Spectral/Engineering > RADAR > RADAR imagery,GCMDSK:Earth Science > Spectral/Engineering > Microwave > Microwave imagery,GEMET:Orthoimagery,GEMET:Land cover,GEMET:Oceanographic geographical features","GCMDSK:GCMD Science Keywords:https://gcmd.earthdata.nasa.gov/kms/concepts/concept_scheme/sciencekeywords,GEMET:INSPIRE Themes:http://inspire.ec.europa.eu/theme","climatologyMeteorologyAtmosphere,oceans,imageryBaseMapsEarthCover",IW,2
S1,SAR-IW-L0-RAW,IW_RAW,Interferometric Wide Swath Level-0 Raw,"Interferometric Wide Swath (IW) Level-0 (RAW) products, the basis from which all other high level products are produced.",https://sentiwiki.copernicus.eu/web/s1-products,Synthetic Aperture Radar (C-band),https://www.wmo-sat.info/oscar/instruments/view/sar_c_sentinel_1,"GCMDSK:Earth Science > Spectral/Engineering > RADAR > RADAR backscatter,GCMDSK:Earth Science > Spectral/Engineering > RADAR > RADAR imagery,GCMDSK:Earth Science > Spectral/Engineering > Microwave > Microwave imagery,GEMET:Orthoimagery,GEMET:Land cover,GEMET:Oceanographic geographical features","GCMDSK:GCMD Science Keywords:https://gcmd.earthdata.nasa.gov/kms/concepts/concept_scheme/sciencekeywords,GEMET:INSPIRE Themes:http://inspire.ec.europa.eu/theme","climatologyMeteorologyAtmosphere,oceans,imageryBaseMapsEarthCover",IW,0
S2,MSI-L1C,MSIL1C,Sentinel-2 MSI Level-1C,Level-1C ortho-rectified and UTM geo-coded Top-of-Atmosphere Reflectance from the Sentinel 2 Multi-Spectral Imager with sub-pixel multispectral and multi-date registration.,https://sentiwiki.copernicus.eu/web/s2-products,Multi-Spectral Imager for Sentinel-2,https://www.wmo-sat.info/oscar/instruments/view/msi_sentinel_2a,"GCMDSK:Earth Science > Atmosphere > Atmospheric radiation > Reflectance,GEMET:Orthoimagery,GEMET:Land cover, GCMDSK:Earth Science > Atmosphere > Atmospheric Radiation > Reflectance > Top of Atmosphere (TOA) Reflectance ","GCMDSK:GCMD Science Keywords:https://gcmd.earthdata.nasa.gov/kms/concepts/concept_scheme/sciencekeywords,GEMET:INSPIRE Themes:http://inspire.ec.europa.eu/theme","climatologyMeteorologyAtmosphere,oceans,imageryBaseMapsEarthCover",,1c
S2,MSI-L2A,MSIL2A,Sentinel-2 MSI Level-2A,"Level-2A ortho-rectified and UTM geo-coded Bottom-of-Atmosphere multi-spectral reflectance from the Sentinel 2 Multi-Spectral Imager. Additional outputs are Aerosol Optical Thickness (AOT) map, Water Vapour (WV) map, Scene Classification map together with Quality Indicators data.",https://sentiwiki.copernicus.eu/web/s2-products,Multi-Spectral Imager for Sentinel-2,https://www.wmo-sat.info/oscar/instruments/view/msi_sentinel_2a,"GCMDSK:Earth Science > Atmosphere > Atmospheric radiation > Reflectance,GEMET:Orthoimagery,GEMET:Land cover,GCMDSK:Earth Science > Atmosphere > Atmospheric Radiation > Reflectance","GCMDSK:GCMD Science Keywords:https://gcmd.earthdata.nasa.gov/kms/concepts/concept_scheme/sciencekeywords,GEMET:INSPIRE Themes:http://inspire.ec.europa.eu/theme","climatologyMeteorologyAtmosphere,oceans,imageryBaseMapsEarthCover",,2a
S3,OL-L1-EFR,OL_1_EFR___,Ocean and Land Colour Instrument (OLCI) Level-1 Full Resolution Top of Atmosphere Reflectance,"Level-1 top of atmosphere reflectance from the Ocean and Land Colour Instrument (OLCI)  push-broom imaging spectrometer that measures solar radiation reflected by the Earth at a ground spatial resolution of around 300m, over all surfaces, in 21 spectral bands. Full resolution (EFR).",https://sentiwiki.copernicus.eu/web/olci-products,Ocean and Land Colour Imager,https://space.oscar.wmo.int/instruments/view/olci,"GCMDSK:Earth Science > Atmosphere > Atmospheric radiation > Reflectance,GEMET:Orthoimagery,GEMET:Land cover,GCMDSK:Earth Science > Atmosphere > Atmospheric Radiation > Reflectance > Top of Atmosphere (TOA) Reflectance ","GCMDSK:GCMD Science Keywords:https://gcmd.earthdata.nasa.gov/kms/concepts/concept_scheme/sciencekeywords,GEMET:INSPIRE Themes:http://inspire.ec.europa.eu/theme","climatologyMeteorologyAtmosphere,oceans,imageryBaseMapsEarthCover",,1
S3,OL-L1-ERR,OL_1_ERR___,Ocean and Land Colour Instrument (OLCI) Level-1 Reduced Resolution Top of Atmosphere Reflectance,"Level-1 top of atmosphere reflectance from the Ocean and Land Colour Instrument (OLCI)  push-broom imaging spectrometer that measures solar radiation reflected by the Earth at a ground spatial resolution of around 300m, over all surfaces, in 21 spectral bands. Reduced resolution (ERR).",https://sentiwiki.copernicus.eu/web/olci-products,Ocean and Land Colour Imager,https://space.oscar.wmo.int/instruments/view/olci,"GCMDSK:Earth Science > Atmosphere > Atmospheric radiation > Reflectance,GEMET:Orthoimagery,GEMET:Land cover,GCMDSK:Earth Science > Atmosphere > Atmospheric Radiation > Reflectance > Top of Atmosphere (TOA) Reflectance ","GCMDSK:GCMD Science Keywords:https://gcmd.earthdata.nasa.gov/kms/concepts/concept_scheme/sciencekeywords,GEMET:INSPIRE Themes:http://inspire.ec.europa.eu/theme","climatologyMeteorologyAtmosphere,oceans,imageryBaseMapsEarthCover",,1
S3,SL-L1-RBT,SL_1_RBT___,Sea and Land Surface Temperature Radiometer (SLSTR) Level-1 Radiances and Brightness Temperatures,Level-1 radiances and brightness temperatures from Sea and Land Surface Temperature Radiometer (SLSTR) observations,https://sentiwiki.copernicus.eu/web/slstr-products,Sea and Land Surface Temperature Radiometer,https://space.oscar.wmo.int/instruments/view/slstr,"GCMDSK:Earth Science > Oceans > Ocean Temperature > Sea Surface Temperature, GCMDSK:Earth Science > Land Surface > Surface Thermal Properties > Skin Temperature","GCMDSK:GCMD Science Keywords:https://gcmd.earthdata.nasa.gov/kms/concepts/concept_scheme/sciencekeywords,GEMET:INSPIRE Themes:http://inspire.ec.europa.eu/theme","climatologyMeteorologyAtmosphere,oceans,imageryBaseMapsEarthCover",,1
S3,SR-L1A-SRA,SR_1_SRA_A_,Synthetic Aperture Radar Altimeter (SRAL) Level-1A (SRA-A),Level 1A altimetry data from the Synthetic Aperture Radar Altimeter (SRAL) aboard the European Space Agency (ESA) Sentinel 3 satellites. These products are geo-located bursts of echoes with all calibrations applied.,https://sentiwiki.copernicus.eu/web/altimetry-products,Synthetic aperture Radar Altimeter,https://space.oscar.wmo.int/instruments/view/sral,"GCMDSK:Earth Science > Spectral/Engineering > RADAR > RADAR backscatter, GCMDSK:Earth Science > Land Surface > Topography > Terrain Elevation, GEMET:Oceanographic geographical features","GCMDSK:GCMD Science Keywords:https://gcmd.earthdata.nasa.gov/kms/concepts/concept_scheme/sciencekeywords,GEMET:INSPIRE Themes:http://inspire.ec.europa.eu/theme","climatologyMeteorologyAtmosphere,oceans,imageryBaseMapsEarthCover,elevation",,1a
S3,SR-L1B-SRA,SR_1_SRA___,Synthetic Aperture Radar Altimeter (SRAL) Level-1B ,Level 1B altimetry data from the Synthetic Aperture Radar Altimeter (SRAL) aboard the European Space Agency (ESA) Sentinel 3 satellites. These products are geo-located and fully calibrated multi-looked High Resolution power echoes.,https://sentiwiki.copernicus.eu/web/altimetry-products,Synthetic aperture Radar Altimeter,https://space.oscar.wmo.int/instruments/view/sral,"GCMDSK:Earth Science > Spectral/Engineering > RADAR > RADAR backscatter, GCMDSK:Earth Science > Land Surface > Topography > Terrain Elevation, GEMET:Oceanographic geographical features","GCMDSK:GCMD Science Keywords:https://gcmd.earthdata.nasa.gov/kms/concepts/concept_scheme/sciencekeywords,GEMET:INSPIRE Themes:http://inspire.ec.europa.eu/theme","climatologyMeteorologyAtmosphere,oceans,imageryBaseMapsEarthCover,elevation",,1b
S3,SR-L1B-SRA-S,SR_1_SRA_BS,Synthetic Aperture Radar Altimeter (SRAL) Level-1B Stack Data,"Level 1B-S altimetry data from the Synthetic Aperture Radar Altimeter (SRAL) aboard the European Space Agency (ESA) Sentinel 3 satellites. The data are fully SAR-processed and calibrated High Resolution complex echoes arranged in stacks after slant range correction and prior to echo multi-look (multi-look processing reduces noise by averaging of adjacent pixels, and thereby reduces the standard deviation of the noise level).",https://sentiwiki.copernicus.eu/web/altimetry-products,Synthetic aperture Radar Altimeter,https://space.oscar.wmo.int/instruments/view/sral,"GCMDSK:Earth Science > Spectral/Engineering > RADAR > RADAR backscatter, GCMDSK:Earth Science > Land Surface > Topography > Terrain Elevation, GEMET:Oceanographic geographical features","GCMDSK:GCMD Science Keywords:https://gcmd.earthdata.nasa.gov/kms/concepts/concept_scheme/sciencekeywords,GEMET:INSPIRE Themes:http://inspire.ec.europa.eu/theme","climatologyMeteorologyAtmosphere,oceans,imageryBaseMapsEarthCover,elevation",,1b
S3,OL-L2-WFR,OL_2_WFR___,Ocean and Land Colour Instrument (OLCI) Level-2 Water and Atmosphere Full Resolution,Level-2 OLCI (Ocean and Land Colour Instrument) reduced resolution water and atmosphere geophysical products.,https://sentiwiki.copernicus.eu/web/olci-products,Ocean and Land Colour Imager,https://space.oscar.wmo.int/instruments/view/olci,"GCMDSK:Earth Science > Atmosphere > Atmospheric radiation > Reflectance,GEMET:Orthoimagery, GCMDSK:Earth Science > Oceans > Ocean Optics > Ocean Color","GCMDSK:GCMD Science Keywords:https://gcmd.earthdata.nasa.gov/kms/concepts/concept_scheme/sciencekeywords,GEMET:INSPIRE Themes:http://inspire.ec.europa.eu/theme","climatologyMeteorologyAtmosphere,oceans,imageryBaseMapsEarthCover",,2
S3,OL-L2-WRR,OL_2_WRR___,Ocean and Land Colour Instrument (OLCI) Level-2 Water and Atmosphere Reduced Resolution,Level-2 OLCI (Ocean and Land Colour Instrument) reduced resolution water and atmosphere geophysical products.,https://sentiwiki.copernicus.eu/web/olci-products,Ocean and Land Colour Imager,https://space.oscar.wmo.int/instruments/view/olci,"GCMDSK:Earth Science > Atmosphere > Atmospheric radiation > Reflectance,GEMET:Orthoimagery, GCMDSK:Earth Science > Oceans > Ocean Optics > Ocean Color","GCMDSK:GCMD Science Keywords:https://gcmd.earthdata.nasa.gov/kms/concepts/concept_scheme/sciencekeywords,GEMET:INSPIRE Themes:http://inspire.ec.europa.eu/theme","climatologyMeteorologyAtmosphere,oceans,imageryBaseMapsEarthCover",,2
S3,OL-L2-LFR,OL_2_LFR___,Ocean and Land Colour Instrument (OLCI) Level-2 Land and Atmosphere Full Resolution,Level-2 OLCI (Ocean and Land Colour Instrument) Full Resolution Land and atmosphere geophysical products.,https://sentiwiki.copernicus.eu/web/olci-products,Ocean and Land Colour Imager,https://space.oscar.wmo.int/instruments/view/olci,"GCMDSK:Earth Science > Atmosphere > Atmospheric radiation > Reflectance,GEMET:Orthoimagery,GEMET:Land cover,GCMDSK:Earth Science > Biosphere > Vegetation > Photosynthetically Active Radiation > Fraction of Absorbed Photosynethetically Active Radiation (FAPAR)","GCMDSK:GCMD Science Keywords:https://gcmd.earthdata.nasa.gov/kms/concepts/concept_scheme/sciencekeywords,GEMET:INSPIRE Themes:http://inspire.ec.europa.eu/theme","climatologyMeteorologyAtmosphere,oceans,imageryBaseMapsEarthCover",,2
S3,OL-L2-LRR,OL_2_LRR___,Ocean and Land Colour Instrument (OLCI) Level-2 Land and Atmosphere Reduced Resolution,Level-2 OLCI (Ocean and Land Colour Instrument) Reduced Resolution Land and atmosphere geophysical products.,https://sentiwiki.copernicus.eu/web/olci-products,Ocean and Land Colour Imager,https://space.oscar.wmo.int/instruments/view/olci,"GCMDSK:Earth Science > Atmosphere > Atmospheric radiation > Reflectance,GEMET:Orthoimagery,GEMET:Land cover,GCMDSK:Earth Science > Biosphere > Vegetation > Photosynthetically Active Radiation > Fraction of Absorbed Photosynethetically Active Radiation (FAPAR)","GCMDSK:GCMD Science Keywords:https://gcmd.earthdata.nasa.gov/kms/concepts/concept_scheme/sciencekeywords,GEMET:INSPIRE Themes:http://inspire.ec.europa.eu/theme","climatologyMeteorologyAtmosphere,oceans,imageryBaseMapsEarthCover",,2
S3,SR-L2-WAT,SR_2_WAT___,Synthetic Aperture Radar Altimeter (SRAL) Level-2 Marine Data,Level-2  Sentinel-3 SRAL Level-2 marine altimetry data,https://sentiwiki.copernicus.eu/web/altimetry-products,Synthetic aperture Radar Altimeter,https://space.oscar.wmo.int/instruments/view/sral,"GCMDSK:Earth Science > Spectral/Engineering > RADAR > RADAR backscatter, GCMDSK:Earth Science > Oceans > Bathymetry/Seafloor Topography > Bathymetry, GEMET:Oceanographic geographical features","GCMDSK:GCMD Science Keywords:https://gcmd.earthdata.nasa.gov/kms/concepts/concept_scheme/sciencekeywords,GEMET:INSPIRE Themes:http://inspire.ec.europa.eu/theme","climatologyMeteorologyAtmosphere,oceans,imageryBaseMapsEarthCover,elevation",,2
S3,SR-L2-LAN,SR_2_LAN___,Synthetic Aperture Radar Altimeter (SRAL) Level-2 Land Data,Level-2 Sentinel-3 SRAL Level-2 land altimetry data,https://sentiwiki.copernicus.eu/web/altimetry-products,Synthetic aperture Radar Altimeter,https://space.oscar.wmo.int/instruments/view/sral,"GCMDSK:Earth Science > Spectral/Engineering > RADAR > RADAR backscatter, GCMDSK:Earth Science > Land Surface > Topography > Terrain Elevation, GEMET:Oceanographic geographical features","GCMDSK:GCMD Science Keywords:https://gcmd.earthdata.nasa.gov/kms/concepts/concept_scheme/sciencekeywords,GEMET:INSPIRE Themes:http://inspire.ec.europa.eu/theme","climatologyMeteorologyAtmosphere,oceans,imageryBaseMapsEarthCover,elevation",,2
S3,SR-L2-LAN-HY,SR_2_LAN_HY,Synthetic Aperture Radar Altimeter (SRAL) Level-2 Hydrology,Level-2 Sentinel-3 STM Hydrology Thematic Products contain surface topography estimations of lakes and rivers.,https://sentiwiki.copernicus.eu/web/altimetry-products,Synthetic aperture Radar Altimeter,https://space.oscar.wmo.int/instruments/view/sral,"GCMDSK:Earth Science > Spectral/Engineering > RADAR > RADAR backscatter, GCMDSK:Earth Science > Land Surface > Topography > Terrain Elevation, GEMET:Oceanographic geographical features","GCMDSK:GCMD Science Keywords:https://gcmd.earthdata.nasa.gov/kms/concepts/concept_scheme/sciencekeywords,GEMET:INSPIRE Themes:http://inspire.ec.europa.eu/theme","climatologyMeteorologyAtmosphere,imageryBaseMapsEarthCover,inlandWaters,elevation",,2
S3,SR-L2-LAN-SI,SR_2_LAN_SI,Synthetic Aperture Radar Altimeter (SRAL) Level-2 Sea Ice,Level-2 Sentinel-3 STM Sea Ice Thematic Products contain estimations of the radar freeboard over the Arctic and Antarctic sea ice.,https://sentiwiki.copernicus.eu/web/altimetry-products,Synthetic aperture Radar Altimeter,https://space.oscar.wmo.int/instruments/view/sral,"GCMDSK:Earth Science > Spectral/Engineering > RADAR > RADAR backscatter, GCMDSK:Earth Science > Oceans > Sea Ice > Sea Ice Topography, GEMET:Oceanographic geographical features","GCMDSK:GCMD Science Keywords:https://gcmd.earthdata.nasa.gov/kms/concepts/concept_scheme/sciencekeywords,GEMET:INSPIRE Themes:http://inspire.ec.europa.eu/theme","climatologyMeteorologyAtmosphere,oceans,imageryBaseMapsEarthCover,elevation",,2
S3,SR-L2-LAN-LI,SR_2_LAN_LI,Synthetic Aperture Radar Altimeter (SRAL) Level-2 Land Ice,Level-2 Sentinel-3 STM Land Ice Thematic Products contain surface topography estimations of the Greenland and Antarctic ice sheets.,https://sentiwiki.copernicus.eu/web/altimetry-products,Synthetic aperture Radar Altimeter,https://space.oscar.wmo.int/instruments/view/sral,"GCMDSK:Earth Science > Spectral/Engineering > RADAR > RADAR backscatter, GCMDSK:Earth Science > Land Surface > Topography > Terrain Elevation, GCMDSK:Earth Science > Climate Indicators > Cryospheric Indicators > Glacial Measurements > Glacier/Ice Sheet Topography, GEMET:Oceanographic geographical features","GCMDSK:GCMD Science Keywords:https://gcmd.earthdata.nasa.gov/kms/concepts/concept_scheme/sciencekeywords,GEMET:INSPIRE Themes:http://inspire.ec.europa.eu/theme","climatologyMeteorologyAtmosphere,imageryBaseMapsEarthCover,elevation",,2
S3,SL-L2-WST,SL_2_WST___,Sea and Land Surface Temperature Radiometer (SLSTR) Level-2 Sea Surface Temperature,Level-2 sea surface temperature derived from Sea and Land Surface Temperature Radiometer (SLSTR) observations,https://sentiwiki.copernicus.eu/web/slstr-products,Sea and Land Surface Temperature Radiometer,https://space.oscar.wmo.int/instruments/view/slstr,GCMDSK:Earth Science > Oceans > Ocean Temperature > Sea Surface Temperature,"GCMDSK:GCMD Science Keywords:https://gcmd.earthdata.nasa.gov/kms/concepts/concept_scheme/sciencekeywords,GEMET:INSPIRE Themes:http://inspire.ec.europa.eu/theme","climatologyMeteorologyAtmosphere,oceans,imageryBaseMapsEarthCover",,2
S3,SL-L2-FRP,SL_2_FRP___,Sea and Land Surface Temperature Radiometer (SLSTR) Level-2 Fire Radiative Power,Level-2 fire radiative power derived from Sea and Land Surface Temperature Radiometer (SLSTR) observations,https://sentiwiki.copernicus.eu/web/slstr-products,Sea and Land Surface Temperature Radiometer,https://space.oscar.wmo.int/instruments/view/slstr,"GCMDSK:Earth Science > Human Dimensions > Natural Hazards > Wildfires, GCMDSK:Earth Science > Biosphere > Ecological Dynamics > Fire Ecology > Fire Dynamics","GCMDSK:GCMD Science Keywords:https://gcmd.earthdata.nasa.gov/kms/concepts/concept_scheme/sciencekeywords,GEMET:INSPIRE Themes:http://inspire.ec.europa.eu/theme","climatologyMeteorologyAtmosphere,oceans,imageryBaseMapsEarthCover",,2
S3,SL-L2-AOD,SL_2_AOD___,Sea and Land Surface Temperature Radiometer (SLSTR) Level-2 Aerosol Optical Depth,Level-2 aerosol optical depth derived from Sea and Land Surface Temperature Radiometer (SLSTR) observations,https://sentiwiki.copernicus.eu/web/slstr-products,Sea and Land Surface Temperature Radiometer,https://space.oscar.wmo.int/instruments/view/slstr,GCMDSK:Earth Science > Atmosphere > Aerosols > Aerosol Optical Depth/Thickness,"GCMDSK:GCMD Science Keywords:https://gcmd.earthdata.nasa.gov/kms/concepts/concept_scheme/sciencekeywords,GEMET:INSPIRE Themes:http://inspire.ec.europa.eu/theme","climatologyMeteorologyAtmosphere,oceans,imageryBaseMapsEarthCover",,2
S3,SL-L2-LST,SL_2_LST___,Sea and Land Surface Temperature Radiometer (SLSTR) Level-2 Land Surface Temperature,Level-2 land surface temperature derived from Sea and Land Surface Temperature Radiometer (SLSTR) observations,https://sentiwiki.copernicus.eu/web/slstr-products,Sea and Land Surface Temperature Radiometer,https://space.oscar.wmo.int/instruments/view/slstr,GCMDSK:Earth Science > Land Surface > Surface Thermal Properties > Skin Temperature,"GCMDSK:GCMD Science Keywords:https://gcmd.earthdata.nasa.gov/kms/concepts/concept_scheme/sciencekeywords,GEMET:INSPIRE Themes:http://inspire.ec.europa.eu/theme","climatologyMeteorologyAtmosphere,oceans,imageryBaseMapsEarthCover",,2
S3,SY-L2-SYN,SY_2_SYN___,Synergy Level-2 Synoptic Product,The SYN branch of Sentinel-3 processing is a synergy of OLCI and SLSTR products. Level-2 surface reflectance and aerosol parameters over Land.,https://sentiwiki.copernicus.eu/web/synergy-products,"Ocean and Land Colour Imager, Sea and Land Surface Temperature Radiometer","https://space.oscar.wmo.int/instruments/view/olci, https://space.oscar.wmo.int/instruments/view/slstr","GCMDSK:Earth Science > Land Surface > Surface Radiative Properties > Reflectance, GCMDSK:Earth Science > Atmosphere > Aerosols","GCMDSK:GCMD Science Keywords:https://gcmd.earthdata.nasa.gov/kms/concepts/concept_scheme/sciencekeywords,GEMET:INSPIRE Themes:http://inspire.ec.europa.eu/theme","climatologyMeteorologyAtmosphere,oceans,imageryBaseMapsEarthCover",,2
S3,SY-L2-VGP,SY_2_VGP___,Synergy Level-2 Vegetation Parameters,The SYN branch of Sentinel-3 processing is a synergy of OLCI and SLSTR products. Level-2 1 km VEGETATION-Like product (~VGT-P) - TOA Reflectance.,https://sentiwiki.copernicus.eu/web/synergy-products,"Ocean and Land Colour Imager, Sea and Land Surface Temperature Radiometer","https://space.oscar.wmo.int/instruments/view/olci, https://space.oscar.wmo.int/instruments/view/slstr","GCMDSK:Earth Science > Biosphere > Vegetation, GCMDSK:Earth Science > Atmosphere > Atmospheric Radiation > Reflectance > Top of Atmosphere (TOA) Reflectance ","GCMDSK:GCMD Science Keywords:https://gcmd.earthdata.nasa.gov/kms/concepts/concept_scheme/sciencekeywords,GEMET:INSPIRE Themes:http://inspire.ec.europa.eu/theme","climatologyMeteorologyAtmosphere,oceans,imageryBaseMapsEarthCover,biota",,2
S3,SY-L2-AOD,SY_2_AOD___,Synergy Level-2 Aerosol Optical Depth,Level-2 aerosol optical depth derived from Sea and Land Surface Temperature Radiometer (SLSTR) observations,https://sentiwiki.copernicus.eu/web/synergy-products,"Ocean and Land Colour Imager, Sea and Land Surface Temperature Radiometer","https://space.oscar.wmo.int/instruments/view/olci, https://space.oscar.wmo.int/instruments/view/slstr",GCMDSK:Earth Science > Atmosphere > Aerosols > Aerosol Optical Depth/Thickness,"GCMDSK:GCMD Science Keywords:https://gcmd.earthdata.nasa.gov/kms/concepts/concept_scheme/sciencekeywords,GEMET:INSPIRE Themes:http://inspire.ec.europa.eu/theme","climatologyMeteorologyAtmosphere,oceans,imageryBaseMapsEarthCover",,2
S3,SY-L2-VG10,SY_2_V10___,Synergy Level-2 10 day Synthesis Surface Reflectance and NDVI,The SYN branch of Sentinel-3 processing is a synergy of OLCI and SLSTR products. Level-2. 1 km VEGETATION-Like product (~VGT-S10) 10 day synthesis surface reflectance and NDVI (normalised difference vegetation index).,https://sentiwiki.copernicus.eu/web/synergy-products,"Ocean and Land Colour Imager, Sea and Land Surface Temperature Radiometer","https://space.oscar.wmo.int/instruments/view/olci, https://space.oscar.wmo.int/instruments/view/slstr",GCMDSK:Earth Science > Biosphere > Vegetation > Vegetation Index > Normalized Difference Vegetation Index (NDVI),"GCMDSK:GCMD Science Keywords:https://gcmd.earthdata.nasa.gov/kms/concepts/concept_scheme/sciencekeywords,GEMET:INSPIRE Themes:http://inspire.ec.europa.eu/theme","climatologyMeteorologyAtmosphere,oceans,imageryBaseMapsEarthCover,biota",,2
S3,SY-L2-VG1,SY_2_VG1___,Synergy Level-2 1 day Synthesis Surface Reflectance and NDVI,The SYN branch of Sentinel-3 processing is a synergy of OLCI and SLSTR products. Level-2 1 km VEGETATION-Like product (~VGT-S1) 1 day synthesis surface reflectance and NDVI (normalised difference vegetation index).,https://sentiwiki.copernicus.eu/web/synergy-products,"Ocean and Land Colour Imager, Sea and Land Surface Temperature Radiometer","https://space.oscar.wmo.int/instruments/view/olci, https://space.oscar.wmo.int/instruments/view/slstr",GCMDSK:Earth Science > Biosphere > Vegetation > Vegetation Index > Normalized Difference Vegetation Index (NDVI),"GCMDSK:GCMD Science Keywords:https://gcmd.earthdata.nasa.gov/kms/concepts/concept_scheme/sciencekeywords,GEMET:INSPIRE Themes:http://inspire.ec.europa.eu/theme","climatologyMeteorologyAtmosphere,oceans,imageryBaseMapsEarthCover,biota",,2
S5,TR-L1B-IR-SIR,L1B_IR_SIR,Infrared Sounder Level-1B Shortwave Infrared,"Level 1B irradiance products from the TROPOMI instrument onboard Sentinel-5 Precursor, containing solar irradiance spectra. The instrument uses passive remote sensing techniques to attain its objective by measuring, at the Top Of Atmosphere (TOA), the solar radiation reflected by and radiated from Earth.  There are four different spectrometers, each with its own optics and detector: mediumwave ultraviolet (UV), longwave ultraviolet combined with visible (UVIS), near infrared (NIR), and shortwave infrared (SWIR). The spectrometers for UV, UVIS and NIR are jointly referred to as UVN. Radiation for the SWIR spectrometer is transferred by an optical relay part in the UVN system from the telescope to an interface position (the pupil stop) for the SWIR spectrometer. This is done because of the more stringent thermal requirements on the SWIR part of the instrument. L1B_IR_SIR products contain the solar irradiance spectra for the SWIR bands (band 7 and band 8).  This covers the spectral range of 2305-2385 nm.",https://sentiwiki.copernicus.eu/web/s5p-products,Tropospheric Monitoring Instrument,https://space.oscar.wmo.int/instruments/view/tropomi,"GCMDSK:Earth Science > Atmosphere > Atmospheric radiation > Reflectance,GEMET:Orthoimagery,GEMET:Land cover,GCMDSK:Earth Science > Spectral/Engineering > Infrared Wavelengths > Infrared Radiance, GCMDSK:Earth Science > Atmosphere > Atmospheric Radiation > Solar Irradiance","GCMDSK:GCMD Science Keywords:https://gcmd.earthdata.nasa.gov/kms/concepts/concept_scheme/sciencekeywords,GEMET:INSPIRE Themes:http://inspire.ec.europa.eu/theme","climatologyMeteorologyAtmosphere,oceans,imageryBaseMapsEarthCover",,1b
S5,TR-L1B-IR-UVN,L1B_IR_UVN,Infrared Sounder Level-1B Ultraviolet-Visible-Near Infrared,"Level 1B irradiance products from the TROPOMI instrument onboard Sentinel-5 Precursor, containing solar irradiance spectra. The instrument uses passive remote sensing techniques to attain its objective by measuring, at the Top Of Atmosphere (TOA), the solar radiation reflected by and radiated from Earth. The spectrometers for ultraviolet (UV), longwave ultraviolet combined with visible (UVIS) and near infrared (NIR) are jointly referred to as UVN. L1B_IR_UVN products contain the solar irradiance spectra for the UVN bands (band 1 through band 6). This covers the spectral range of 270-775 nm.",https://sentiwiki.copernicus.eu/web/s5p-products,Tropospheric Monitoring Instrument,https://space.oscar.wmo.int/instruments/view/tropomi,"GCMDSK:Earth Science > Atmosphere > Atmospheric radiation > Reflectance,GEMET:Orthoimagery,GEMET:Land cover,GCMDSK:Earth Science > Spectral/Engineering > Infrared Wavelengths > Infrared Radiance,GCMDSK:Earth Science > Spectral/Engineering > Ultraviolet Wavelengths > Ultraviolet Radiance, GCMDSK:Earth Science > Atmosphere > Atmospheric Radiation > Solar Irradiance,GCMDSK:Earth Science > Spectral/Engineering > Visible Wavelengths > Visible Radiance","GCMDSK:GCMD Science Keywords:https://gcmd.earthdata.nasa.gov/kms/concepts/concept_scheme/sciencekeywords,GEMET:INSPIRE Themes:http://inspire.ec.europa.eu/theme","climatologyMeteorologyAtmosphere,oceans,imageryBaseMapsEarthCover",,1b
S5,TR-L1B-RA-BD1,L1B_RA_BD1,Radar Altimeter Level-1B Band 1,"The TROPOMI instrument onboard Sentinel-5 Precursor is a nadir-viewing, imaging spectrometer covering wavelength bands between the ultraviolet and the shortwave infrared. The instrument uses passive remote sensing techniques to attain its objective by measuring, at the Top Of Atmosphere (TOA), the solar radiation reflected by and radiated from Earth. Band 1 spans a spectral range of 270-300 nm.",https://sentiwiki.copernicus.eu/web/s5p-products,Tropospheric Monitoring Instrument,https://space.oscar.wmo.int/instruments/view/tropomi,,"GCMDSK:GCMD Science Keywords:https://gcmd.earthdata.nasa.gov/kms/concepts/concept_scheme/sciencekeywords,GEMET:INSPIRE Themes:http://inspire.ec.europa.eu/theme","climatologyMeteorologyAtmosphere,oceans,imageryBaseMapsEarthCover",,1b
S5,TR-L1B-RA-BD2,L1B_RA_BD2,Radar Altimeter Level-1B Band 2,"The TROPOMI instrument onboard Sentinel-5 Precursor is a nadir-viewing, imaging spectrometer covering wavelength bands between the ultraviolet and the shortwave infrared. The instrument uses passive remote sensing techniques to attain its objective by measuring, at the Top Of Atmosphere (TOA), the solar radiation reflected by and radiated from Earth. Band 2 spans a spectral range of 300-320 nm.",https://sentiwiki.copernicus.eu/web/s5p-products,Tropospheric Monitoring Instrument,https://space.oscar.wmo.int/instruments/view/tropomi,"GCMDSK:Earth Science > Atmosphere > Atmospheric radiation > Reflectance,GEMET:Orthoimagery,GEMET:Land cover,GCMDSK:Earth Science > Spectral/Engineering > Ultraviolet Wavelengths > Ultraviolet Radiance, GCMDSK:Earth Science > Atmosphere > Atmospheric Radiation > Solar Irradiance","GCMDSK:GCMD Science Keywords:https://gcmd.earthdata.nasa.gov/kms/concepts/concept_scheme/sciencekeywords,GEMET:INSPIRE Themes:http://inspire.ec.europa.eu/theme","climatologyMeteorologyAtmosphere,oceans,imageryBaseMapsEarthCover",,1b
S5,TR-L1B-RA-BD3,L1B_RA_BD3,Radar Altimeter Level-1B Band 3,"The TROPOMI instrument onboard Sentinel-5 Precursor is a nadir-viewing, imaging spectrometer covering wavelength bands between the ultraviolet and the shortwave infrared. The instrument uses passive remote sensing techniques to attain its objective by measuring, at the Top Of Atmosphere (TOA), the solar radiation reflected by and radiated from Earth. Band 3 spans a spectral range of 320-405 nm.",https://sentiwiki.copernicus.eu/web/s5p-products,Tropospheric Monitoring Instrument,https://space.oscar.wmo.int/instruments/view/tropomi,"GCMDSK:Earth Science > Atmosphere > Atmospheric radiation > Reflectance,GEMET:Orthoimagery,GEMET:Land cover,GCMDSK:Earth Science > Spectral/Engineering > Ultraviolet Wavelengths > Ultraviolet Radiance, GCMDSK:Earth Science > Atmosphere > Atmospheric Radiation > Solar Irradiance,GCMDSK:Earth Science > Spectral/Engineering > Visible Wavelengths > Visible Radiance","GCMDSK:GCMD Science Keywords:https://gcmd.earthdata.nasa.gov/kms/concepts/concept_scheme/sciencekeywords,GEMET:INSPIRE Themes:http://inspire.ec.europa.eu/theme","climatologyMeteorologyAtmosphere,oceans,imageryBaseMapsEarthCover",,1b
S5,TR-L1B-RA-BD4,L1B_RA_BD4,Radar Altimeter Level-1B Band 4,"The TROPOMI instrument onboard Sentinel-5 Precursor is a nadir-viewing, imaging spectrometer covering wavelength bands between the ultraviolet and the shortwave infrared. The instrument uses passive remote sensing techniques to attain its objective by measuring, at the Top Of Atmosphere (TOA), the solar radiation reflected by and radiated from Earth. Band 4 spans a spectral range of 405-500 nm.",https://sentiwiki.copernicus.eu/web/s5p-products,Tropospheric Monitoring Instrument,https://space.oscar.wmo.int/instruments/view/tropomi,"GCMDSK:Earth Science > Atmosphere > Atmospheric radiation > Reflectance,GEMET:Orthoimagery,GEMET:Land cover,GCMDSK:Earth Science > Spectral/Engineering > Ultraviolet Wavelengths > Ultraviolet Radiance, GCMDSK:Earth Science > Atmosphere > Atmospheric Radiation > Solar Irradiance,GCMDSK:Earth Science > Spectral/Engineering > Visible Wavelengths > Visible Radiance","GCMDSK:GCMD Science Keywords:https://gcmd.earthdata.nasa.gov/kms/concepts/concept_scheme/sciencekeywords,GEMET:INSPIRE Themes:http://inspire.ec.europa.eu/theme","climatologyMeteorologyAtmosphere,oceans,imageryBaseMapsEarthCover",,1b
S5,TR-L1B-RA-BD5,L1B_RA_BD5,Radar Altimeter Level-1B Band 5,"The TROPOMI instrument onboard Sentinel-5 Precursor is a nadir-viewing, imaging spectrometer covering wavelength bands between the ultraviolet and the shortwave infrared. The instrument uses passive remote sensing techniques to attain its objective by measuring, at the Top Of Atmosphere (TOA), the solar radiation reflected by and radiated from Earth. Band 5 spans a spectral range of 675-725 nm.",https://sentiwiki.copernicus.eu/web/s5p-products,Tropospheric Monitoring Instrument,https://space.oscar.wmo.int/instruments/view/tropomi,"GCMDSK:Earth Science > Atmosphere > Atmospheric radiation > Reflectance,GEMET:Orthoimagery,GEMET:Land cover,GCMDSK:Earth Science > Spectral/Engineering > Infrared Wavelengths > Infrared Radiance,GCMDSK:Earth Science > Atmosphere > Atmospheric Radiation > Solar Irradiance","GCMDSK:GCMD Science Keywords:https://gcmd.earthdata.nasa.gov/kms/concepts/concept_scheme/sciencekeywords,GEMET:INSPIRE Themes:http://inspire.ec.europa.eu/theme","climatologyMeteorologyAtmosphere,oceans,imageryBaseMapsEarthCover",,1b
S5,TR-L1B-RA-BD6,L1B_RA_BD6,Radar Altimeter Level-1B Band 6,"The TROPOMI instrument onboard Sentinel-5 Precursor is a nadir-viewing, imaging spectrometer covering wavelength bands between the ultraviolet and the shortwave infrared. The instrument uses passive remote sensing techniques to attain its objective by measuring, at the Top Of Atmosphere (TOA), the solar radiation reflected by and radiated from Earth. Band 6 spans a spectral range of 725-775 nm.",https://sentiwiki.copernicus.eu/web/s5p-products,Tropospheric Monitoring Instrument,https://space.oscar.wmo.int/instruments/view/tropomi,"GCMDSK:Earth Science > Atmosphere > Atmospheric radiation > Reflectance,GEMET:Orthoimagery,GEMET:Land cover,GCMDSK:Earth Science > Spectral/Engineering > Infrared Wavelengths > Infrared Radiance,GCMDSK:Earth Science > Atmosphere > Atmospheric Radiation > Solar Irradiance","GCMDSK:GCMD Science Keywords:https://gcmd.earthdata.nasa.gov/kms/concepts/concept_scheme/sciencekeywords,GEMET:INSPIRE Themes:http://inspire.ec.europa.eu/theme","climatologyMeteorologyAtmosphere,oceans,imageryBaseMapsEarthCover",,1b
S5,TR-L1B-RA-BD7,L1B_RA_BD7,Radar Altimeter Level-1B Band 7,"The TROPOMI instrument onboard Sentinel-5 Precursor is a nadir-viewing, imaging spectrometer covering wavelength bands between the ultraviolet and the shortwave infrared. The instrument uses passive remote sensing techniques to attain its objective by measuring, at the Top Of Atmosphere (TOA), the solar radiation reflected by and radiated from Earth. Band 7 spans a spectral range of 2305-2355 nm.",https://sentiwiki.copernicus.eu/web/s5p-products,Tropospheric Monitoring Instrument,https://space.oscar.wmo.int/instruments/view/tropomi,"GCMDSK:Earth Science > Atmosphere > Atmospheric radiation > Reflectance,GEMET:Orthoimagery,GEMET:Land cover,GCMDSK:Earth Science > Spectral/Engineering > Infrared Wavelengths > Infrared Radiance,GCMDSK:Earth Science > Atmosphere > Atmospheric Radiation > Solar Irradiance","GCMDSK:GCMD Science Keywords:https://gcmd.earthdata.nasa.gov/kms/concepts/concept_scheme/sciencekeywords,GEMET:INSPIRE Themes:http://inspire.ec.europa.eu/theme","climatologyMeteorologyAtmosphere,oceans,imageryBaseMapsEarthCover",,1b
S5,TR-L1B-RA-BD8,L1B_RA_BD8,Radar Altimeter Level-1B Band 8,"The TROPOMI instrument onboard Sentinel-5 Precursor is a nadir-viewing, imaging spectrometer covering wavelength bands between the ultraviolet and the shortwave infrared. The instrument uses passive remote sensing techniques to attain its objective by measuring, at the Top Of Atmosphere (TOA), the solar radiation reflected by and radiated from Earth. Band 8 spans a spectral range of 2345-2385 nm.",https://sentiwiki.copernicus.eu/web/s5p-products,Tropospheric Monitoring Instrument,https://space.oscar.wmo.int/instruments/view/tropomi,"GCMDSK:Earth Science > Atmosphere > Atmospheric radiation > Reflectance,GEMET:Orthoimagery,GEMET:Land cover,GCMDSK:Earth Science > Spectral/Engineering > Infrared Wavelengths > Infrared Radiance,GCMDSK:Earth Science > Atmosphere > Atmospheric Radiation > Solar Irradiance","GCMDSK:GCMD Science Keywords:https://gcmd.earthdata.nasa.gov/kms/concepts/concept_scheme/sciencekeywords,GEMET:INSPIRE Themes:http://inspire.ec.europa.eu/theme","climatologyMeteorologyAtmosphere,oceans,imageryBaseMapsEarthCover",,1b
S5,TR-L2-AER-AI,L2__AER_AI,Level-2 Aerosol Index,"The TROPOMI instrument onboard Sentinel-5 Precursor is a nadir-viewing, imaging spectrometer covering wavelength bands between the ultraviolet and the shortwave infrared. The instrument uses passive remote sensing techniques to attain its objective by measuring, at the Top Of Atmosphere (TOA), the solar radiation reflected by and radiated from Earth. TROPOMI aerosol index is referred to as the Ultraviolet Aerosol Index (UVAI). The relatively simple calculation of the Aerosol Index is based on wavelength dependent changes in Rayleigh scattering in the UV spectral range where ozone absorption is very small. UVAI can also be calculated in the presence of clouds so that daily, global coverage is possible. This is ideal for tracking the evolution of episodic aerosol plumes from dust outbreaks, volcanic ash, and biomass burning.",https://sentiwiki.copernicus.eu/web/s5p-products,Tropospheric Monitoring Instrument,https://space.oscar.wmo.int/instruments/view/tropomi,"GCMDSK:Earth Science > Atmosphere > Atmospheric radiation > Reflectance,GCMDSK:Earth Science > Atmosphere > Aerosols,GEMET:Orthoimagery,GEMET:Land cover,GCMDSK:Earth Science > Atmosphere > Aerosols > Aerosol Optical Depth/Thickness > UV Aerosol Index","GCMDSK:GCMD Science Keywords:https://gcmd.earthdata.nasa.gov/kms/concepts/concept_scheme/sciencekeywords,GEMET:INSPIRE Themes:http://inspire.ec.europa.eu/theme","climatologyMeteorologyAtmosphere,oceans,imageryBaseMapsEarthCover",,2
S5,TR-L2-AER-LH,L2__AER_LH,Level-2 Layer Height (mid-level pressure),"The TROPOMI Aerosol Layer Height product focuses on retrieval of vertically localised aerosol layers in the free troposphere, such as desert dust, biomass burning aerosol, or volcanic ash plumes. The height of such layers is retrieved for cloud-free conditions.",https://sentiwiki.copernicus.eu/web/s5p-products,Tropospheric Monitoring Instrument,https://space.oscar.wmo.int/instruments/view/tropomi,"GCMDSK:Earth Science > Atmosphere > Atmospheric radiation > Reflectance,GEMET:Orthoimagery,GEMET:Land cover","GCMDSK:GCMD Science Keywords:https://gcmd.earthdata.nasa.gov/kms/concepts/concept_scheme/sciencekeywords,GEMET:INSPIRE Themes:http://inspire.ec.europa.eu/theme","climatologyMeteorologyAtmosphere,oceans,imageryBaseMapsEarthCover",,2
S5,TR-L2-CLOUD,L2__CLOUD_,Level-2 Cloud Properties,"The TROPOMI instrument onboard Sentinel-5 Precursor is a nadir-viewing, imaging spectrometer covering wavelength bands between the ultraviolet and the shortwave infrared. The instrument uses passive remote sensing techniques to attain its objective by measuring, at the Top Of Atmosphere (TOA), the solar radiation reflected by and radiated from the earth. The TROPOMI instrument, single payload onboard Sentinel-5 Precursor, retrieves operationally the most important quantities for cloud correction of satellite trace gas retrievals: cloud fraction, cloud optical thickness (albedo), and cloud-top pressure (height). Cloud parameters from TROPOMI are not only used for enhancing the accuracy of trace gas retrievals, but also to extend the satellite data record of cloud information derived from oxygen A-band measurements initiated with GOME.",https://sentiwiki.copernicus.eu/web/s5p-products,Tropospheric Monitoring Instrument,https://space.oscar.wmo.int/instruments/view/tropomi,"GCMDSK:Earth Science > Atmosphere > Atmospheric radiation > Reflectance,GCMDSK:Earth Science > Atmosphere > Clouds > Cloud Properties > GEMET:Orthoimagery,GEMET:Land cover","GCMDSK:GCMD Science Keywords:https://gcmd.earthdata.nasa.gov/kms/concepts/concept_scheme/sciencekeywords,GEMET:INSPIRE Themes:http://inspire.ec.europa.eu/theme","climatologyMeteorologyAtmosphere,oceans,imageryBaseMapsEarthCover",,2
S5,TR-L2-CO,L2__CO____,Level-2 Carbon Monoxide total column,"The TROPOMI instrument onboard Sentinel-5 Precursor is a nadir-viewing, imaging spectrometer covering wavelength bands between the ultraviolet and the shortwave infrared. The instrument uses passive remote sensing techniques to attain its objective by measuring, at the Top Of Atmosphere (TOA), the solar radiation reflected by and radiated from Earth. The TROPOMI instrument, single payload onboard Sentinel-5 Precursor, retrieves the CO global abundance exploiting clear-sky and cloudy-sky Earth radiance measurements in the 2.3 m spectral range of the shortwave infrared (SWIR) part of the solar spectrum. TROPOMI clear sky observations provide CO total columns with sensitivity to the tropospheric boundary layer. For cloudy atmospheres, the column sensitivity changes according to the light path. The TROPOMI CO retrieval uses the same method employed by SCIAMACHY.",https://sentiwiki.copernicus.eu/web/s5p-products,Tropospheric Monitoring Instrument,https://space.oscar.wmo.int/instruments/view/tropomi,"GCMDSK:Earth Science > Atmosphere > Atmospheric radiation > Reflectance,GCMDSK:Earth Science > Atmosphere > Atmospheric Chemistry > Carbon and Hydrocarbon Compounds > Atmospheric Carbon Monoxide,GEMET:Orthoimagery,GEMET:Land cover","GCMDSK:GCMD Science Keywords:https://gcmd.earthdata.nasa.gov/kms/concepts/concept_scheme/sciencekeywords,GEMET:INSPIRE Themes:http://inspire.ec.europa.eu/theme","climatologyMeteorologyAtmosphere,oceans,imageryBaseMapsEarthCover",,2
S5,TR-L2-NO2,L2__NO2___,Level-2 Nitrogen Dioxide total column,"The TROPOMI instrument onboard Sentinel-5 Precursor is a nadir-viewing, imaging spectrometer covering wavelength bands between the ultraviolet and the shortwave infrared. The instrument uses passive remote sensing techniques to attain its objective by measuring, at the Top Of Atmosphere (TOA), the solar radiation reflected by and radiated from Earth. The TROPOMI instrument, single payload onboard Sentinel-5 Precursor, retrieves operationally tropospheric and stratospheric NO2 column products. The TROPOMI NO2 data products pose an improvement over previous NO2 data sets, particularly in their unprecedented spatial resolution, but also in the separation of the stratospheric and tropospheric contributions of the retrieved slant columns, and in the calculation of the air-mass factors used to convert slant to total columns.",https://sentiwiki.copernicus.eu/web/s5p-products,Tropospheric Monitoring Instrument,https://space.oscar.wmo.int/instruments/view/tropomi,"GCMDSK:Earth Science > Atmosphere > Atmospheric radiation > Reflectance,GCMDSK:Earth Science > Atmosphere > Atmospheric Chemistry > Nitrogen Compounds > Nitrogen Dioxide,GEMET:Orthoimagery,GEMET:Land cover","GCMDSK:GCMD Science Keywords:https://gcmd.earthdata.nasa.gov/kms/concepts/concept_scheme/sciencekeywords,GEMET:INSPIRE Themes:http://inspire.ec.europa.eu/theme","climatologyMeteorologyAtmosphere,oceans,imageryBaseMapsEarthCover",,2
S5,TR-L2-SO2,L2__SO2___,Level-2 Sulphor Dioxide total column,Total column Sulphur Dioxide (SO2) data from the TROPOspheric Monitoring Instrument (TROPOMI) aboard the Sentinel 5P satellite.,https://sentiwiki.copernicus.eu/web/s5p-products,Tropospheric Monitoring Instrument,https://space.oscar.wmo.int/instruments/view/tropomi,"GCMDSK:Earth Science > Atmosphere > Atmospheric radiation > Reflectance,GCMDSK:Earth Science > Atmosphere > Atmospheric Chemistry > Sulfur Compounds > Sulfur Dioxide,GEMET:Orthoimagery,GEMET:Land cover","GCMDSK:GCMD Science Keywords:https://gcmd.earthdata.nasa.gov/kms/concepts/concept_scheme/sciencekeywords,GEMET:INSPIRE Themes:http://inspire.ec.europa.eu/theme","climatologyMeteorologyAtmosphere,oceans,imageryBaseMapsEarthCover",,2
S5,TR-L2-CH4,L2__CH4___,Level-2 Methane total column,Level 2 (geolocated) total column Methane (CH4) data from the TROPOspheric Monitoring Instrument (TROPOMI) aboard the Sentinel 5P satellite.,https://sentiwiki.copernicus.eu/web/s5p-products,Tropospheric Monitoring Instrument,https://space.oscar.wmo.int/instruments/view/tropomi,"GCMDSK:Earth Science > Atmosphere > Atmospheric radiation > Reflectance,GCMDSK:Earth Science > Atmosphere > Atmospheric Chemistry > Carbon and Hydrocarbon Compounds > Methane,GEMET:Orthoimagery,GEMET:Land cover","GCMDSK:GCMD Science Keywords:https://gcmd.earthdata.nasa.gov/kms/concepts/concept_scheme/sciencekeywords,GEMET:INSPIRE Themes:http://inspire.ec.europa.eu/theme","climatologyMeteorologyAtmosphere,oceans,imageryBaseMapsEarthCover",,2
S5,TR-L2-HCHO,L2__HCHO__,Level-2 Formaldehyde total column,Total column Formaldehyde (HCHO) data from the TROPOspheric Monitoring Instrument (TROPOMI) aboard the Sentinel 5P satellite.,https://sentiwiki.copernicus.eu/web/s5p-products,Tropospheric Monitoring Instrument,https://space.oscar.wmo.int/instruments/view/tropomi,"GCMDSK:Earth Science > Atmosphere > Atmospheric radiation > Reflectance,GCMDSK:Earth Science > Atmosphere > Atmospheric Chemistry > Carbon and Hydrocarbon Compounds > Formaldehyde,GEMET:Orthoimagery,GEMET:Land cover","GCMDSK:GCMD Science Keywords:https://gcmd.earthdata.nasa.gov/kms/concepts/concept_scheme/sciencekeywords,GEMET:INSPIRE Themes:http://inspire.ec.europa.eu/theme","climatologyMeteorologyAtmosphere,oceans,imageryBaseMapsEarthCover",,2
S5,TR-L2-O3,L2__O3____,Level-2 Ozone total column,"The TROPOMI instrument onboard Sentinel-5 Precursor is a nadir-viewing, imaging spectrometer covering wavelength bands between the ultraviolet and the shortwave infrared. The instrument uses passive remote sensing techniques to attain its objective by measuring, at the Top Of Atmosphere (TOA), the solar radiation reflected by and radiated from the earth. Ozone (O3) is of crucial importance for the equilibrium of the Earth's atmosphere. In the stratosphere, the ozone layer shields the biosphere from dangerous solar ultraviolet radiation. In the troposphere, it acts as an efficient cleansing agent, but at high concentration it also becomes harmful to the health of humans, animals, and vegetation. Ozone is also an important greenhouse-gas contributor to ongoing climate change.",https://sentiwiki.copernicus.eu/web/s5p-products,Tropospheric Monitoring Instrument,https://space.oscar.wmo.int/instruments/view/tropomi,"GCMDSK:Earth Science > Atmosphere > Atmospheric radiation > Reflectance,GCMDSK:Earth Science > Atmosphere > Atmospheric Chemistry > Oxygen Compounds > Atmospheric Ozone > Ozone Profiles,GEMET:Orthoimagery,GEMET:Land cover","GCMDSK:GCMD Science Keywords:https://gcmd.earthdata.nasa.gov/kms/concepts/concept_scheme/sciencekeywords,GEMET:INSPIRE Themes:http://inspire.ec.europa.eu/theme","climatologyMeteorologyAtmosphere,oceans,imageryBaseMapsEarthCover",,2
S5,TR-L2-O3-TCL,L2__O3_TCL,Level-2 Ozone tropospheric column,The TROPOspheric Monitoring Instrument (TROPOMI) tropospheric ozone product is a level-2c product that represents three days of averaged tropospheric ozone columns on a 0.5 by 1 latitude-longitude grid for the tropical region between 20N and 20S. The TROPOMI tropospheric ozone column product uses the TROPOMI Level-2 total OZONE and CLOUD products as input.,https://sentiwiki.copernicus.eu/web/s5p-products,Tropospheric Monitoring Instrument,https://space.oscar.wmo.int/instruments/view/tropomi,"GCMDSK:Earth Science > Atmosphere > Atmospheric radiation > Reflectance,GCMDSK:Earth Science > Atmosphere > Atmospheric Chemistry > Oxygen Compounds > Atmospheric Ozone > Ozone Profiles,GEMET:Orthoimagery,GEMET:Land cover","GCMDSK:GCMD Science Keywords:https://gcmd.earthdata.nasa.gov/kms/concepts/concept_scheme/sciencekeywords,GEMET:INSPIRE Themes:http://inspire.ec.europa.eu/theme","climatologyMeteorologyAtmosphere,oceans,imageryBaseMapsEarthCover",,2
S5,TR-L2-O3-PR,L2__O3__PR,Level-2 Ozone profile,"Sentinel 5P total column ozone products contain total ozone, ozone temperature, and error information including averaging kernels. These data products are provided in a 7km x 3.5km resolution.",https://sentiwiki.copernicus.eu/web/s5p-products,Tropospheric Monitoring Instrument,https://space.oscar.wmo.int/instruments/view/tropomi,"GCMDSK:Earth Science > Atmosphere > Atmospheric radiation > Reflectance,GCMDSK:Earth Science > Atmosphere > Atmospheric Chemistry > Oxygen Compounds > Atmospheric Ozone > Total Ozone, GEMET:Orthoimagery,GEMET:Land cover","GCMDSK:GCMD Science Keywords:https://gcmd.earthdata.nasa.gov/kms/concepts/concept_scheme/sciencekeywords,GEMET:INSPIRE Themes:http://inspire.ec.europa.eu/theme","climatologyMeteorologyAtmosphere,oceans,imageryBaseMapsEarthCover",,2
S5,TR-L2-NP-BD3,L2__NP_BD3,Level-2 Neural Network Probability Product Band 3,"The TROPOMI instrument onboard Sentinel-5 Precursor (S5P) is a nadir-viewing, imaging spectrometer covering wavelength bands between the ultraviolet and the shortwave infrared. The instrument uses passive remote sensing techniques to attain its objective by measuring, at the Top Of Atmosphere (TOA), the solar radiation reflected by and radiated from the earth. The S5P level 2 methane product is dependent on having information on cloud occurrence at spatial resolution finer than that achievable from TROPOMI itself. This information is also useful for other purposes, including assessing the influence of cloud on other L2 products and issues related to spatial co-registration. A level 2 auxiliary product was therefore developed to describe cloud in the TROPOMI field of view (FOV), using co-located observations of VIIRS (Visible Infra-red Imaging Radiometer Suite) on the U.S. S-NPP (Suomi - National Polar-orbiting Partnership). S5P flies in a so-called loose formation with the S-NPP with a temporal separation between them of less than 5 minutes. The main information contained in the S5P-NPP product is: A statistical summary for each S5P FOV of the NPP-VIIRS L2 Cloud Mask (VCM). The mean and standard deviation of the sun-normalised radiance in a number of VIIRS moderate resolution bands. This information is provided for three S5P spectral bands (to account for differences in spatial sampling).",https://sentiwiki.copernicus.eu/web/s5p-products,Tropospheric Monitoring Instrument,https://space.oscar.wmo.int/instruments/view/tropomi,"GCMDSK:Earth Science > Atmosphere > Atmospheric radiation > Reflectance,GEMET:Orthoimagery,GEMET:Land cover","GCMDSK:GCMD Science Keywords:https://gcmd.earthdata.nasa.gov/kms/concepts/concept_scheme/sciencekeywords,GEMET:INSPIRE Themes:http://inspire.ec.europa.eu/theme","climatologyMeteorologyAtmosphere,oceans,imageryBaseMapsEarthCover",,2
S5,TR-L2-NP-BD6,L2__NP_BD6,Level-2 Neural Network Probability Product Band 6,"The TROPOMI instrument onboard Sentinel-5 Precursor (S5P) is a nadir-viewing, imaging spectrometer covering wavelength bands between the ultraviolet and the shortwave infrared. The instrument uses passive remote sensing techniques to attain its objective by measuring, at the Top Of Atmosphere (TOA), the solar radiation reflected by and radiated from the earth. The S5P level 2 methane product is dependent on having information on cloud occurrence at spatial resolution finer than that achievable from TROPOMI itself. This information is also useful for other purposes, including assessing the influence of cloud on other L2 products and issues related to spatial co-registration. A level 2 auxiliary product was therefore developed to describe cloud in the TROPOMI field of view (FOV), using co-located observations of VIIRS (Visible Infra-red Imaging Radiometer Suite) on the U.S. S-NPP (Suomi - National Polar-orbiting Partnership). S5P flies in a so-called loose formation with the S-NPP with a temporal separation between them of less than 5 minutes. The main information contained in the S5P-NPP product is: A statistical summary for each S5P FOV of the NPP-VIIRS L2 Cloud Mask (VCM). The mean and standard deviation of the sun-normalised radiance in a number of VIIRS moderate resolution bands. This information is provided for three S5P spectral bands (to account for differences in spatial sampling).",https://sentiwiki.copernicus.eu/web/s5p-products,Tropospheric Monitoring Instrument,https://space.oscar.wmo.int/instruments/view/tropomi,"GCMDSK:Earth Science > Atmosphere > Atmospheric radiation > Reflectance,GEMET:Orthoimagery,GEMET:Land cover","GCMDSK:GCMD Science Keywords:https://gcmd.earthdata.nasa.gov/kms/concepts/concept_scheme/sciencekeywords,GEMET:INSPIRE Themes:http://inspire.ec.europa.eu/theme","climatologyMeteorologyAtmosphere,oceans,imageryBaseMapsEarthCover",,2
S5,TR-L2-NP-BD7,L2__NP_BD7,Level-2 Neural Network Probability Product  Band 7,"The TROPOMI instrument onboard Sentinel-5 Precursor (S5P) is a nadir-viewing, imaging spectrometer covering wavelength bands between the ultraviolet and the shortwave infrared. The instrument uses passive remote sensing techniques to attain its objective by measuring, at the Top Of Atmosphere (TOA), the solar radiation reflected by and radiated from the earth. The S5P level 2 methane product is dependent on having information on cloud occurrence at spatial resolution finer than that achievable from TROPOMI itself. This information is also useful for other purposes, including assessing the influence of cloud on other L2 products and issues related to spatial co-registration. A level 2 auxiliary product was therefore developed to describe cloud in the TROPOMI field of view (FOV), using co-located observations of VIIRS (Visible Infra-red Imaging Radiometer Suite) on the U.S. S-NPP (Suomi - National Polar-orbiting Partnership). S5P flies in a so-called loose formation with the S-NPP with a temporal separation between them of less than 5 minutes. The main information contained in the S5P-NPP product is: A statistical summary for each S5P FOV of the NPP-VIIRS L2 Cloud Mask (VCM). The mean and standard deviation of the sun-normalised radiance in a number of VIIRS moderate resolution bands. This information is provided for three S5P spectral bands (to account for differences in spatial sampling).",https://sentiwiki.copernicus.eu/web/s5p-products,Tropospheric Monitoring Instrument,https://space.oscar.wmo.int/instruments/view/tropomi,"GCMDSK:Earth Science > Atmosphere > Atmospheric radiation > Reflectance,GEMET:Orthoimagery,GEMET:Land cover","GCMDSK:GCMD Science Keywords:https://gcmd.earthdata.nasa.gov/kms/concepts/concept_scheme/sciencekeywords,GEMET:INSPIRE Themes:http://inspire.ec.europa.eu/theme","climatologyMeteorologyAtmosphere,oceans,imageryBaseMapsEarthCover",,2